{
  "693b381be8581946358fd6bd_data types_0_0_1_0": {
    "data types_hard": 0.18811000000000003
  },
  "693b915256764734f9353b2d_strings_0_0_1_0": {
    "strings_basic": 0.29701,
    "strings_medium": 0.24078871000000002,
    "strings_hard": 0.1267309,
    "strings_easy": 0.44000633161
  },
  "693b915256764734f9353b2d_data types_0_0_1_0": {
    "data types_basic": 0.29701
  },
  "693d24194def0f44c0df34f0_strings_0_0_1_0": {
    "strings_basic": 0.1
  },
  "693d24194def0f44c0df34f0_loops_0_0_1_0": {
    "loops_basic": 0.1
  },
  "693d39ddc1709a06fe4b946a_loops_0_0_1_0": {
    "loops_basic": 0.04206534790699
  },
  "693d43886dcdd7b83a02e9bd_loops_0_0_1_0": {
    "loops_basic": -0.058519850599000015
  }
}